country,country_code,year,population,gdp_per_capita,households_expenditure_per_capita,cost_healthy_diet,Yearly_cost_healthy_diet,percentage,category
Albania                         ,ALB,2017,2873457.0,4531.0,3607.1,3.952,1422.7,31.399249613771797,Expensive
Albania                         ,ALB,2018,2866376.0,5287.7,4182.9,4.051,1458.4,27.580989844355773,Medium
Albania                         ,ALB,2019,2854191.0,5396.2,4317.0,4.117,1482.1,27.465623957599796,Medium
Albania                         ,ALB,2020,2837849.0,5332.2,4294.8,4.197,1510.9,28.33539627170774,Medium
Algeria                         ,DZA,2017,41389174.0,4109.7,1749.2,3.763,1354.7,32.96347665279704,Expensive
Algeria                         ,DZA,2018,42228415.0,4142.0,1740.3,3.822,1375.9,33.21825205214872,Expensive
Algeria                         ,DZA,2019,43053054.0,3989.7,1729.4,3.796,1366.6,34.25320199513748,Expensive
Algeria                         ,DZA,2020,43851043.0,3306.9,1593.6,3.76,1353.6,40.93259548217363,Expensive
Angola                          ,AGO,2017,29816769.0,2313.2,1322.8,4.327,1557.7,67.33961611620268,Very Expensive
Angola                          ,AGO,2018,30809787.0,2524.9,1423.1,4.293,1545.5,61.210344964156995,Very Expensive
Angola                          ,AGO,2019,31825299.0,2177.8,1087.5,4.352,1566.7,71.93957204518321,Very Expensive
Angola                          ,AGO,2020,32866268.0,1631.4,926.8,4.534,1632.2,100.04903763638593,Very Expensive
Antigua and Barbuda             ,ATG,2017,95425.0,15383.6,9119.0,4.112,1480.3,9.62258509061598,Very Cheap
Antigua and Barbuda             ,ATG,2018,96282.0,16679.6,8874.4,4.302,1548.7,9.284994844001055,Very Cheap
Antigua and Barbuda             ,ATG,2019,97115.0,17376.6,8523.0,4.391,1580.8,9.097291760183236,Very Cheap
Antigua and Barbuda             ,ATG,2020,97928.0,13992.7,8409.1,4.504,1621.4,11.587470609675044,Cheap
Argentina                       ,ARG,2017,44044811.0,14613.0,9752.7,3.341,1202.8,8.231027167590502,Very Cheap
Armenia                         ,ARM,2017,2944789.0,3914.5,3132.8,3.096,1114.6,28.47362370673138,Medium
Armenia                         ,ARM,2018,2951741.0,4220.5,3368.0,3.166,1139.8,27.006278876910315,Medium
Armenia                         ,ARM,2019,2957728.0,4604.6,3842.1,3.237,1165.3,25.307301394257912,Medium
Armenia                         ,ARM,2020,2963234.0,4266.0,3216.4,3.247,1168.9,27.40037505860291,Medium
Aruba                           ,ABW,2017,105361.0,29348.4,16182.7,3.418,1230.5,4.192732823595153,Very Cheap
Aruba                           ,ABW,2018,105846.0,30253.7,16847.5,3.62,1303.2,4.307572296942192,Very Cheap
Aruba                           ,ABW,2019,106310.0,31135.9,17656.8,3.907,1406.5,4.5172935421812115,Very Cheap
Aruba                           ,ABW,2020,106766.0,23384.3,15279.1,4.138,1489.7,6.3705135496893215,Very Cheap
Australia                       ,AUS,2017,24601860.0,53934.3,30391.3,2.259,813.2,1.5077603677066356,Very Cheap
Australia                       ,AUS,2018,24982688.0,57180.8,32010.3,2.273,818.3,1.43107476635514,Very Cheap
Australia                       ,AUS,2019,25365745.0,54875.3,30041.7,2.325,837.0,1.5252763994000944,Very Cheap
Australia                       ,AUS,2020,25693267.0,51680.3,27360.1,2.561,922.0,1.7840453712536497,Very Cheap
Austria                         ,AUT,2017,8797566.0,47429.2,24904.6,2.772,997.9,2.1039781400487465,Very Cheap
Austria                         ,AUT,2018,8840521.0,51486.6,26728.3,2.848,1025.3,1.9913919349889095,Very Cheap
Austria                         ,AUT,2019,8879920.0,50114.4,25836.7,2.818,1014.5,2.0243682454544003,Very Cheap
Austria                         ,AUT,2020,8916864.0,48588.7,24355.0,2.981,1073.2,2.20874400838055,Very Cheap
Azerbaijan                      ,AZE,2017,9854033.0,4147.1,2388.2,2.348,845.3,20.38291818379108,Medium
Azerbaijan                      ,AZE,2018,9939771.0,4739.8,2566.2,2.399,863.6,18.22017806658509,Cheap
Azerbaijan                      ,AZE,2019,10024283.0,4805.8,2763.6,2.459,885.2,18.41940987972866,Cheap
Azerbaijan                      ,AZE,2020,10093121.0,4229.9,2575.4,2.533,911.9,21.55842927728788,Medium
Bahrain                         ,BHR,2017,1494077.0,23742.9,9961.9,3.379,1216.4,5.123215782402318,Very Cheap
Bahrain                         ,BHR,2018,1569440.0,24086.3,9815.3,3.463,1246.7,5.175971402830655,Very Cheap
Bahrain                         ,BHR,2019,1641164.0,23552.4,9515.7,3.573,1286.3,5.461439173927072,Very Cheap
Bahrain                         ,BHR,2020,1701583.0,20406.5,8572.2,3.835,1380.6,6.765491387548085,Very Cheap
Bangladesh                      ,BGD,2017,159685421.0,1839.6,1230.9,2.882,1037.5,56.39813002826701,Very Expensive
Bangladesh                      ,BGD,2018,161376713.0,1991.5,1346.0,2.971,1069.6,53.70826010544815,Very Expensive
Bangladesh                      ,BGD,2019,163046173.0,2154.2,1440.7,3.024,1088.6,50.53384086900009,Very Expensive
Bangladesh                      ,BGD,2020,164689383.0,2270.3,1520.0,3.064,1103.0,48.5838875919482,Expensive
Belarus                         ,BLR,2017,9458989.0,5785.7,3150.6,3.177,1143.7,19.76770313013119,Cheap
Belarus                         ,BLR,2018,9438785.0,6360.1,3406.0,3.228,1162.1,18.27172528733825,Cheap
Belarus                         ,BLR,2019,9419758.0,6837.7,3689.9,3.31,1191.6,17.426912558316392,Cheap
Belarus                         ,BLR,2020,9379952.0,6555.4,3424.2,3.31,1191.6,18.177380480214783,Cheap
Belgium                         ,BEL,2017,11375158.0,44198.5,22749.9,2.862,1030.3,2.331074583979094,Very Cheap
Belgium                         ,BEL,2018,11427054.0,47549.2,24618.3,2.962,1066.3,2.242519327349356,Very Cheap
Belgium                         ,BEL,2019,11488980.0,46599.1,23950.3,2.943,1059.5,2.2736490618917533,Very Cheap
Belgium                         ,BEL,2020,11544241.0,45189.4,22455.7,3.13,1126.8,2.4935051140311666,Very Cheap
Belize                          ,BLZ,2017,375775.0,4909.6,3542.5,2.476,891.4,18.15626527619358,Cheap
Belize                          ,BLZ,2018,383071.0,4927.2,3513.1,2.321,835.6,16.95892190290632,Cheap
Belize                          ,BLZ,2019,390351.0,4983.3,3386.7,2.221,799.6,16.04559227820922,Cheap
Belize                          ,BLZ,2020,397621.0,3987.8,2982.4,2.14,770.4,19.318922714278546,Cheap
Benin                           ,BEN,2017,11175192.0,1136.6,825.5,3.55,1278.0,112.44061235263065,Very Expensive
Benin                           ,BEN,2018,11485035.0,1241.8,874.9,3.67,1321.2,106.39394427444033,Very Expensive
Benin                           ,BEN,2019,11801151.0,1219.5,834.7,3.664,1319.0,108.1590815908159,Very Expensive
Benin                           ,BEN,2020,12123198.0,1291.0,878.6,3.707,1334.5,103.36948102246322,Very Expensive
Bermuda                         ,BMU,2017,63873.0,111820.6,54999.0,4.072,1465.9,1.3109391292838708,Very Cheap
Bermuda                         ,BMU,2018,63918.0,113050.7,55111.7,3.842,1383.1,1.2234333798906154,Very Cheap
Bermuda                         ,BMU,2019,63911.0,116153.2,55748.3,3.788,1363.7,1.1740528887710369,Very Cheap
Bermuda                         ,BMU,2020,63893.0,107706.0,50099.1,3.616,1301.8,1.2086606131506137,Very Cheap
Bhutan                          ,BTN,2017,745563.0,3286.6,1718.5,4.383,1577.9,48.01010162477941,Expensive
Bhutan                          ,BTN,2018,754396.0,3243.5,1876.2,4.587,1651.3,50.91105287498073,Very Expensive
Bhutan                          ,BTN,2019,763094.0,3322.9,1931.0,4.712,1696.3,51.04878268981913,Very Expensive
Bhutan                          ,BTN,2020,771612.0,3000.8,1860.5,5.029,1810.4,60.33057851239669,Very Expensive
Bolivia                         ,BOL,2017,11192853.0,3351.1,2267.2,3.551,1278.4,38.14866760168304,Expensive
Bolivia                         ,BOL,2018,11353140.0,3548.6,2377.9,3.648,1313.3,37.008961280504984,Expensive
Bolivia                         ,BOL,2019,11513102.0,3552.1,2431.2,3.769,1356.8,38.197122828749194,Expensive
Bolivia                         ,BOL,2020,11673029.0,3138.0,2179.1,3.755,1351.8,43.07839388145315,Expensive
Bosnia and Herzegovina          ,BIH,2017,3351534.0,5394.3,4080.6,3.847,1384.9,25.6733959920657,Medium
Bosnia and Herzegovina          ,BIH,2018,3323929.0,6070.4,4525.5,3.89,1400.4,23.069319978914077,Medium
Bosnia and Herzegovina          ,BIH,2019,3300998.0,6119.8,4498.8,3.895,1402.2,22.912513480832708,Medium
Bosnia and Herzegovina          ,BIH,2020,3280815.0,6082.4,4451.3,3.995,1438.2,23.645271603314484,Medium
Botswana                        ,BWA,2017,2205076.0,7296.1,3060.3,3.622,1303.9,17.871191458450404,Cheap
Botswana                        ,BWA,2018,2254067.0,7503.9,3245.3,3.575,1287.0,17.151081437652422,Cheap
Botswana                        ,BWA,2019,2303703.0,7247.4,3186.9,3.591,1292.8,17.838121257278473,Cheap
Botswana                        ,BWA,2020,2351625.0,6348.8,2914.4,3.701,1332.4,20.986643145161292,Medium
Brazil                          ,BRA,2017,207833825.0,9928.7,6403.4,2.809,1011.2,10.184616314321108,Cheap
Brazil                          ,BRA,2018,209469320.0,9151.4,5913.3,2.8,1008.0,11.01470813208908,Cheap
Brazil                          ,BRA,2019,211049519.0,8876.1,5782.2,2.882,1037.5,11.688692105767172,Cheap
Brazil                          ,BRA,2020,212559409.0,6814.9,4285.9,3.084,1110.2,16.29077462618674,Cheap
British Virgin Islands          ,VGB,2017,29567.0,6826.299999999999,3972.85,3.235,1164.6,17.06048664723203,Cheap
British Virgin Islands          ,VGB,2018,29795.0,6826.299999999999,3972.85,3.153,1135.1,16.628334529686654,Cheap
British Virgin Islands          ,VGB,2019,30033.0,6826.299999999999,3972.85,3.313,1192.7,17.472129850724407,Cheap
British Virgin Islands          ,VGB,2020,30237.0,6826.299999999999,3972.85,3.337,1201.3,17.598113179907124,Cheap
Bulgaria                        ,BGR,2017,7075947.0,8366.3,5045.3,3.78,1360.8,16.265254652594336,Cheap
Bulgaria                        ,BGR,2018,7025037.0,9446.7,5652.1,3.859,1389.2,14.705664411911037,Cheap
Bulgaria                        ,BGR,2019,6975761.0,9879.3,5835.7,3.896,1402.6,14.19736216128673,Cheap
Bulgaria                        ,BGR,2020,6934015.0,10079.2,5916.7,4.108,1478.9,14.672791491388203,Cheap
Burkina Faso                    ,BFA,2017,19193236.0,735.0,489.2,3.173,1142.3,155.41496598639455,Very Expensive
Burkina Faso                    ,BFA,2018,19751466.0,804.5,517.1,3.296,1186.6,147.49533871970166,Very Expensive
Burkina Faso                    ,BFA,2019,20321383.0,796.1,485.5,3.24,1166.4,146.51425700288908,Very Expensive
Burkina Faso                    ,BFA,2020,20903278.0,857.9,3972.85,3.345,1204.2,140.36601002447838,Very Expensive
Burundi                         ,BDI,2017,10827010.0,250.5,191.1,2.988,1075.7,429.4211576846307,Very Expensive
Burundi                         ,BDI,2018,11175379.0,238.0,185.5,2.804,1009.4,424.11764705882354,Very Expensive
Burundi                         ,BDI,2019,11530577.0,223.9,173.1,2.783,1001.9,447.4765520321572,Very Expensive
Burundi                         ,BDI,2020,11890781.0,233.8,175.1,2.943,1059.5,453.16509837467913,Very Expensive
Cambodia                        ,KHM,2017,16009413.0,1385.3,1016.7,3.618,1302.5,94.02295531653793,Very Expensive
Cambodia                        ,KHM,2018,16249795.0,1512.1,1068.8,3.706,1334.2,88.23490509886913,Very Expensive
Cambodia                        ,KHM,2019,16486542.0,1643.1,1141.4,3.778,1360.1,82.7764591321283,Very Expensive
Cambodia                        ,KHM,2020,16718971.0,1547.5,1075.6,3.888,1399.7,90.44911147011308,Very Expensive
Cameroon                        ,CMR,2017,24566070.0,1469.4,1048.8,2.616,941.8,64.09418810398802,Very Expensive
Cameroon                        ,CMR,2018,25216261.0,1585.2,1135.9,2.684,966.2,60.95129952056523,Very Expensive
Cameroon                        ,CMR,2019,25876387.0,1533.1,1113.8,2.744,987.8,64.43154393059814,Very Expensive
Cameroon                        ,CMR,2020,26545864.0,1537.1,1123.8,2.808,1010.9,65.76670353262638,Very Expensive
Canada                          ,CAN,2017,36545236.0,45129.4,26164.3,2.863,1030.7,2.283877029165023,Very Cheap
Canada                          ,CAN,2018,37065084.0,46548.6,26917.3,2.911,1048.0,2.251410353909677,Very Cheap
Canada                          ,CAN,2019,37601230.0,46328.7,26753.5,2.918,1050.5,2.267492936343994,Very Cheap
Canada                          ,CAN,2020,38037204.0,43258.3,24724.3,3.008,1082.9,2.5033346201769375,Very Cheap
Cayman Islands                  ,CYM,2017,63382.0,81513.2,3972.85,2.928,1054.1,1.2931647880343307,Very Cheap
Cayman Islands                  ,CYM,2018,64172.0,86180.5,3972.85,2.874,1034.6,1.2005035942005442,Very Cheap
Cayman Islands                  ,CYM,2019,64948.0,91513.0,3972.85,2.714,977.0,1.06760788084753,Very Cheap
Cayman Islands                  ,CYM,2020,65720.0,85346.8,3972.85,2.765,995.4,1.1663003182310292,Very Cheap
Central African Republic        ,CAF,2017,4596023.0,450.9,374.0,3.423,1232.3,273.29784874695054,Very Expensive
Central African Republic        ,CAF,2018,4666375.0,476.0,446.0,3.507,1262.5,265.2310924369748,Very Expensive
Central African Republic        ,CAF,2019,4745179.0,468.1,449.8,3.57,1285.2,274.5567186498612,Very Expensive
Central African Republic        ,CAF,2020,4829764.0,481.7,439.4,3.615,1301.4,270.168154452979,Very Expensive
Chad                            ,TCD,2017,15016761.0,665.9,533.8,2.831,1019.2,153.05601441657907,Very Expensive
Chad                            ,TCD,2018,15477727.0,726.2,561.7,2.728,982.1,135.23822638391627,Very Expensive
Chad                            ,TCD,2019,15946882.0,709.5,539.9,2.659,957.2,134.91190979563072,Very Expensive
Chad                            ,TCD,2020,16425859.0,652.3,587.2,2.821,1015.6,155.69523225509735,Very Expensive
Chile                           ,CHL,2017,18470435.0,14962.6,9288.5,3.053,1099.1,7.345648483552323,Very Cheap
Chile                           ,CHL,2018,18729166.0,15772.3,9788.2,3.18,1144.8,7.258294605098812,Very Cheap
Chile                           ,CHL,2019,18952035.0,14699.5,9051.9,3.213,1156.7,7.8689751352086805,Very Cheap
Chile                           ,CHL,2020,19116209.0,13220.6,7637.1,3.402,1224.7,9.26357351406139,Very Cheap
China                           ,CHN,2017,1396215000.0,8817.0,3398.3,2.571,925.6,10.497901780651016,Cheap
China                           ,CHN,2018,1402760000.0,9905.3,3815.7,2.63,946.8,9.558519176602426,Very Cheap
China                           ,CHN,2019,1407745000.0,10143.8,3981.3,2.792,1005.1,9.908515546442162,Very Cheap
China                           ,CHN,2020,1411100000.0,10408.7,3976.1,2.983,1073.9,10.317330694515165,Cheap
Colombia                        ,COL,2017,48909844.0,6376.7,4368.8,2.863,1030.7,16.163532861825082,Cheap
Colombia                        ,COL,2018,49661056.0,6729.6,4584.1,2.893,1041.5,15.476402757964811,Cheap
Colombia                        ,COL,2019,50339443.0,6418.6,4407.6,2.93,1054.8,16.43349016919577,Cheap
Colombia                        ,COL,2020,50882884.0,5312.2,3745.7,3.065,1103.4,20.771055306652613,Medium
Costa Rica                      ,CRI,2017,4949955.0,12225.6,7961.7,3.961,1426.0,11.664049208218819,Cheap
Costa Rica                      ,CRI,2018,4999443.0,12485.4,8103.4,4.0,1440.0,11.53347109423807,Cheap
Costa Rica                      ,CRI,2019,5047561.0,12762.1,8205.4,4.041,1454.8,11.399377845338933,Cheap
Costa Rica                      ,CRI,2020,5094114.0,12201.9,7757.8,4.11,1479.6,12.125980380104737,Cheap
Croatia                         ,HRV,2017,4124531.0,13629.3,7786.8,4.168,1500.5,11.009369520078067,Cheap
Croatia                         ,HRV,2018,4087843.0,15227.6,8687.6,4.202,1512.7,9.933935748246604,Very Cheap
Croatia                         ,HRV,2019,4065253.0,15311.8,8716.0,4.111,1480.0,9.665747985214018,Very Cheap
Croatia                         ,HRV,2020,4047680.0,14132.5,8323.9,4.277,1539.7,10.894746152485405,Cheap
Curacao                         ,CUW,2017,160175.0,18788.8,3972.85,2.866,1031.8,5.491569445627182,Very Cheap
Curacao                         ,CUW,2018,159336.0,18956.1,3972.85,2.988,1075.7,5.674690469031077,Very Cheap
Curacao                         ,CUW,2019,157441.0,19024.2,3972.85,3.144,1131.8,5.949264620851336,Very Cheap
Curacao                         ,CUW,2020,154947.0,16109.9,3972.85,3.328,1198.1,7.437041819005705,Very Cheap
Cyprus                          ,CYP,2017,1179685.0,26608.9,12591.9,2.846,1024.6,3.8505913434978516,Very Cheap
Cyprus                          ,CYP,2018,1189262.0,29334.1,13902.5,2.868,1032.5,3.51979436901081,Very Cheap
Cyprus                          ,CYP,2019,1198574.0,29206.1,13609.9,2.836,1021.0,3.4958450460691433,Very Cheap
Cyprus                          ,CYP,2020,1207361.0,27681.6,12984.5,2.969,1068.8,3.8610484943066874,Very Cheap
Denmark                         ,DNK,2017,5764980.0,57610.1,26707.7,2.376,855.4,1.484809087295457,Very Cheap
Denmark                         ,DNK,2018,5793636.0,61591.9,28936.3,2.44,878.4,1.4261615569579766,Very Cheap
Denmark                         ,DNK,2019,5814422.0,59775.7,27847.5,2.432,875.5,1.4646419866266727,Very Cheap
Denmark                         ,DNK,2020,5831404.0,61063.3,28065.9,2.544,915.8,1.4997551720919111,Very Cheap
Djibouti                        ,DJI,2017,944100.0,2926.2,1825.0,2.797,1006.9,34.40981477684369,Expensive
Djibouti                        ,DJI,2018,958923.0,3038.3,1997.8,2.866,1031.8,33.959780140209986,Expensive
Djibouti                        ,DJI,2019,973557.0,3172.8,2066.1,2.985,1074.6,33.86913767019667,Expensive
Djibouti                        ,DJI,2020,988002.0,3219.7,1773.3,3.112,1120.3,34.795167251607296,Expensive
Dominica                        ,DMA,2017,71460.0,7298.5,5812.6,4.0,1440.0,19.730081523600738,Cheap
Dominica                        ,DMA,2018,71626.0,7745.4,6795.1,4.146,1492.6,19.27079298680507,Cheap
Dominica                        ,DMA,2019,71808.0,8516.3,3972.85,4.236,1525.0,17.906837476368846,Cheap
Dominica                        ,DMA,2020,71991.0,7003.9,3972.85,4.345,1564.2,22.33327146304202,Medium
Dominican Republic              ,DOM,2017,10513111.0,7609.4,5284.7,3.521,1267.6,16.65834362761847,Cheap
Dominican Republic              ,DOM,2018,10627147.0,8050.6,5498.4,3.608,1298.9,16.134201177551986,Cheap
Dominican Republic              ,DOM,2019,10738957.0,8282.1,5615.3,3.744,1347.8,16.27365040267565,Cheap
Dominican Republic              ,DOM,2020,10847904.0,7268.2,5065.5,3.884,1398.2,19.237225172669987,Cheap
Ecuador                         ,ECU,2017,16785356.0,6213.5,3722.2,2.788,1003.7,16.153536654059707,Cheap
Ecuador                         ,ECU,2018,17084359.0,6295.9,3758.0,2.816,1013.8,16.10254292476056,Cheap
Ecuador                         ,ECU,2019,17373657.0,6222.5,3712.3,2.861,1030.0,16.55283246283648,Cheap
Ecuador                         ,ECU,2020,17643060.0,5627.8,3334.8,2.928,1054.1,18.73023206226234,Cheap
Equatorial Guinea               ,GNQ,2017,1262008.0,9667.9,4553.8,3.526,1269.4,13.130048924792357,Cheap
Equatorial Guinea               ,GNQ,2018,1308966.0,10005.6,4853.3,3.599,1295.6,12.948748700727592,Cheap
Equatorial Guinea               ,GNQ,2019,1355982.0,8380.7,4721.1,3.635,1308.6,15.614447480520719,Cheap
Equatorial Guinea               ,GNQ,2020,1402985.0,7198.3,4928.9,3.676,1323.4,18.384896433880222,Cheap
Estonia                         ,EST,2017,1317384.0,20437.8,10264.6,3.125,1125.0,5.504506355870006,Very Cheap
Estonia                         ,EST,2018,1321977.0,23063.6,11567.8,3.188,1147.7,4.976239615671449,Very Cheap
Estonia                         ,EST,2019,1326855.0,23397.9,11659.8,3.17,1141.2,4.877360788788737,Very Cheap
Estonia                         ,EST,2020,1329479.0,23054.4,11479.4,3.308,1190.9,5.1656083003678255,Very Cheap
Eswatini                        ,SWZ,2017,1124808.0,3914.4,2566.9,3.428,1234.1,31.527181688125893,Expensive
Eswatini                        ,SWZ,2018,1136274.0,4107.1,2694.9,3.349,1205.6,29.354045433517562,Medium
Eswatini                        ,SWZ,2019,1148133.0,3889.9,2500.5,3.395,1222.2,31.419830843980566,Expensive
Eswatini                        ,SWZ,2020,1160164.0,3434.7,2251.9,3.391,1220.8,35.54313331586456,Expensive
Ethiopia                        ,ETH,2017,106399926.0,768.5,511.3,3.108,1118.9,145.5953155497723,Very Expensive
Ethiopia                        ,ETH,2018,109224410.0,771.5,506.6,3.147,1132.9,146.84381075826315,Very Expensive
Ethiopia                        ,ETH,2019,112078727.0,855.8,587.8,3.29,1184.4,138.39682168731014,Very Expensive
Ethiopia                        ,ETH,2020,114963583.0,936.5,655.9,3.366,1211.8,129.39668980245597,Very Expensive
Fiji                            ,FJI,2017,877460.0,6101.0,3721.7,3.612,1300.3,21.312899524668087,Medium
Fiji                            ,FJI,2018,883490.0,6317.4,3817.8,3.677,1323.7,20.953240257067783,Medium
Fiji                            ,FJI,2019,889955.0,6175.9,3806.2,3.858,1388.9,22.489029938956268,Medium
Fiji                            ,FJI,2020,896444.0,5102.8,3199.4,3.914,1409.0,27.61229129105589,Medium
Finland                         ,FIN,2017,5508214.0,46412.1,24672.6,2.545,916.2,1.9740541798367237,Very Cheap
Finland                         ,FIN,2018,5515525.0,49988.9,26536.7,2.624,944.6,1.8896194955280072,Very Cheap
Finland                         ,FIN,2019,5521606.0,48628.6,25562.2,2.611,940.0,1.9330188407644884,Very Cheap
Finland                         ,FIN,2020,5529543.0,49160.8,25097.8,2.712,976.3,1.985931880685424,Very Cheap
France                          ,FRA,2017,66918020.0,38781.0,20935.7,2.936,1057.0,2.7255614862948354,Very Cheap
France                          ,FRA,2018,67101930.0,41592.8,22410.9,3.019,1086.8,2.612952241734146,Very Cheap
France                          ,FRA,2019,67248926.0,40578.6,21753.9,3.067,1104.1,2.720892292982015,Very Cheap
France                          ,FRA,2020,67379908.0,39037.1,20743.7,3.219,1158.8,2.9684582102666437,Very Cheap
Gabon                           ,GAB,2017,2064812.0,7230.4,2890.0,3.358,1208.9,16.719683558309363,Cheap
Gabon                           ,GAB,2018,2119275.0,7959.0,3073.3,3.403,1225.1,15.392637265988188,Cheap
Gabon                           ,GAB,2019,2172578.0,7767.0,2926.1,3.485,1254.6,16.152954808806488,Cheap
Gabon                           ,GAB,2020,2225728.0,6881.7,2887.1,3.552,1278.7,18.581164537832223,Cheap
Germany                         ,DEU,2017,82657002.0,44652.6,23267.8,2.786,1003.0,2.246229782812199,Very Cheap
Germany                         ,DEU,2018,82905782.0,47973.6,24957.2,2.917,1050.1,2.1889122350626176,Very Cheap
Germany                         ,DEU,2019,83092962.0,46794.9,24289.8,2.881,1037.2,2.2164808558197584,Very Cheap
Germany                         ,DEU,2020,83160871.0,46252.7,23458.7,3.025,1089.0,2.3544571452044964,Very Cheap
Ghana                           ,GHA,2017,29121464.0,2074.3,1560.8,3.767,1356.1,65.37627151328158,Very Expensive
Ghana                           ,GHA,2018,29767108.0,2260.9,1611.9,3.86,1389.6,61.46224954664071,Very Expensive
Ghana                           ,GHA,2019,30417858.0,2246.6,1689.9,3.941,1418.8,63.15320929404433,Very Expensive
Ghana                           ,GHA,2020,31072945.0,2254.2,1581.7,4.033,1451.9,64.40865939135836,Very Expensive
Greece                          ,GRC,2017,10754679.0,18582.1,12820.7,3.037,1093.3,5.883619181900862,Very Cheap
Greece                          ,GRC,2018,10732882.0,19757.0,13679.5,3.102,1116.7,5.6521739130434785,Very Cheap
Greece                          ,GRC,2019,10721582.0,19133.8,13218.9,3.065,1103.4,5.76675830206232,Very Cheap
Greece                          ,GRC,2020,10700556.0,17647.2,12325.5,3.13,1126.8,6.385148918808649,Very Cheap
Grenada                         ,GRD,2017,110874.0,10152.8,3972.85,5.382,1937.5,19.083405562997402,Cheap
Grenada                         ,GRD,2018,111449.0,10466.9,3972.85,5.536,1993.0,19.040976793510975,Cheap
Grenada                         ,GRD,2019,112002.0,10834.5,3972.85,5.625,2025.0,18.690294891319397,Cheap
Grenada                         ,GRD,2020,112519.0,9273.2,3972.85,5.796,2086.6,22.501401889315446,Medium
Guinea                          ,GIN,2017,12067516.0,855.6,632.9,3.655,1315.8,153.78681626928469,Very Expensive
Guinea                          ,GIN,2018,12414292.0,955.1,698.6,3.863,1390.7,145.60778976023454,Very Expensive
Guinea                          ,GIN,2019,12771246.0,1052.6,757.1,4.001,1440.4,136.84210526315792,Very Expensive
Guinea                          ,GIN,2020,13132792.0,1079.0,662.0,4.127,1485.7,137.69230769230768,Very Expensive
Guinea-Bissau                   ,GNB,2017,1828146.0,738.5,642.5,3.164,1139.0,154.23155044008126,Very Expensive
Guinea-Bissau                   ,GNB,2018,1874304.0,802.8,606.8,3.254,1171.4,145.9142999501744,Very Expensive
Guinea-Bissau                   ,GNB,2019,1920917.0,749.5,597.3,3.335,1200.6,160.1867911941294,Very Expensive
Guinea-Bissau                   ,GNB,2020,1967998.0,727.5,593.7,3.505,1261.8,173.44329896907215,Very Expensive
Guyana                          ,GUY,2017,775218.0,6125.0,3972.85,4.629,1666.4,27.2065306122449,Medium
Guyana                          ,GUY,2018,779007.0,6145.8,3972.85,4.742,1707.1,27.776693026131667,Medium
Guyana                          ,GUY,2019,782775.0,6609.5,3972.85,4.828,1738.1,26.296996747106437,Medium
Guyana                          ,GUY,2020,786559.0,6955.9,3972.85,4.889,1760.0,25.302261389611697,Medium
Haiti                           ,HTI,2017,10982367.0,1369.1,1307.1,3.93,1414.8,103.33795924329851,Very Expensive
Haiti                           ,HTI,2018,11123183.0,1479.3,1459.9,4.075,1467.0,99.16852565402556,Very Expensive
Haiti                           ,HTI,2019,11263079.0,1312.8,1287.9,4.275,1539.0,117.23034734917735,Very Expensive
Haiti                           ,HTI,2020,11402533.0,1272.4,1235.4,4.49,1616.4,127.03552342030808,Very Expensive
Honduras                        ,HND,2017,9429016.0,2453.7,1896.9,3.36,1209.6,49.296980070913314,Expensive
Honduras                        ,HND,2018,9587523.0,2510.3,2023.5,3.415,1229.4,48.97422618810501,Expensive
Honduras                        ,HND,2019,9746115.0,2574.4,2110.2,3.404,1225.4,47.59944064636421,Expensive
Honduras                        ,HND,2020,9904608.0,2405.7,1963.6,3.486,1255.0,52.167768217150936,Very Expensive
Hungary                         ,HUN,2017,9787966.0,14623.7,7326.7,3.302,1188.7,8.128585788822255,Very Cheap
Hungary                         ,HUN,2018,9775564.0,16427.4,8091.4,3.383,1217.9,7.41383298635207,Very Cheap
Hungary                         ,HUN,2019,9771141.0,16735.7,8263.0,3.368,1212.5,7.2449912462579995,Very Cheap
Hungary                         ,HUN,2020,9750149.0,16076.0,7975.3,3.488,1255.7,7.81102264244837,Very Cheap
Iceland                         ,ISL,2017,343400.0,72010.1,36074.0,2.213,796.7,1.106372578291101,Very Cheap
Iceland                         ,ISL,2018,352721.0,74469.8,37433.5,2.247,808.9,1.086212128943545,Very Cheap
Iceland                         ,ISL,2019,360563.0,68941.5,34373.2,2.234,804.2,1.166496232312903,Very Cheap
Iceland                         ,ISL,2020,366463.0,59264.0,30431.1,2.414,869.0,1.4663201943844493,Very Cheap
India                           ,IND,2017,1338676779.0,1980.7,1163.1,2.824,1016.6,51.32528903922856,Very Expensive
India                           ,IND,2018,1352642283.0,1998.3,1184.7,2.83,1018.8,50.98333583546014,Very Expensive
India                           ,IND,2019,1366417756.0,2072.2,1263.2,2.877,1035.7,49.98069684393399,Expensive
India                           ,IND,2020,1380004385.0,1933.1,1174.7,2.97,1069.2,55.3101236356112,Very Expensive
Indonesia                       ,IDN,2017,264650969.0,3837.6,2198.0,4.129,1486.4,38.732541171565565,Expensive
Indonesia                       ,IDN,2018,267670549.0,3893.9,2218.7,4.273,1538.3,39.50538021007216,Expensive
Indonesia                       ,IDN,2019,270625567.0,4135.2,2395.6,4.268,1536.5,37.15660669375121,Expensive
Indonesia                       ,IDN,2020,273523621.0,3870.6,2281.8,4.466,1607.8,41.53877951738749,Expensive
Iraq                            ,IRQ,2017,37552789.0,4985.5,2565.3,3.378,1216.1,24.392738942934507,Medium
Iraq                            ,IRQ,2018,38433604.0,5915.9,2575.6,3.464,1247.0,21.078787673895775,Medium
Iraq                            ,IRQ,2019,39309789.0,5943.5,2553.7,3.534,1272.2,21.404896104988644,Medium
Iraq                            ,IRQ,2020,40222503.0,4583.7,2565.3,3.54,1274.4,27.802866679756534,Medium
Ireland                         ,IRL,2017,4807388.0,69774.0,22068.9,2.397,862.9,1.2367070828675437,Very Cheap
Ireland                         ,IRL,2018,4867316.0,79107.6,24102.5,2.341,842.8,1.065384362564406,Very Cheap
Ireland                         ,IRL,2019,4934340.0,80886.6,23728.3,2.269,816.8,1.0098087940400509,Very Cheap
Ireland                         ,IRL,2020,4985674.0,85422.5,21401.8,2.225,801.0,0.9376920600544353,Very Cheap
Israel                          ,ISR,2017,8713300.0,40774.1,22255.0,2.436,877.0,2.1508751879256685,Very Cheap
Israel                          ,ISR,2018,8882800.0,42063.5,22926.6,2.5,900.0,2.1396222378071252,Very Cheap
Israel                          ,ISR,2019,9054000.0,43951.2,23735.0,2.454,883.4,2.0099564972059922,Very Cheap
Israel                          ,ISR,2020,9215100.0,44177.6,21870.1,2.492,897.1,2.030667125421028,Very Cheap
Italy                           ,ITA,2017,60536709.0,32406.7,19525.9,2.885,1038.6,3.2048928153745977,Very Cheap
Italy                           ,ITA,2018,60421760.0,34622.2,20838.4,2.979,1072.4,3.0974345939888286,Very Cheap
Italy                           ,ITA,2019,59729081.0,33673.5,20142.2,3.012,1084.3,3.22003949693379,Very Cheap
Italy                           ,ITA,2020,59449527.0,31835.0,18423.9,3.144,1131.8,3.5552065336893355,Very Cheap
Jamaica                         ,JAM,2017,2920848.0,5070.1,3969.6,5.975,2151.0,42.42519871402931,Expensive
Jamaica                         ,JAM,2018,2934853.0,5360.0,4079.0,6.141,2210.8,41.246268656716424,Expensive
Jamaica                         ,JAM,2019,2948277.0,5369.5,4090.9,6.398,2303.3,42.89598659093026,Expensive
Jamaica                         ,JAM,2020,2961161.0,4664.5,3463.7,6.681,2405.2,51.56394040090041,Very Expensive
Japan                           ,JPN,2017,126972000.0,38834.1,21208.7,5.529,1990.4,5.125392374227805,Very Cheap
Japan                           ,JPN,2018,126811000.0,39727.1,21774.2,5.701,2052.4,5.1662467182351595,Very Cheap
Japan                           ,JPN,2019,126633000.0,40458.0,22068.2,5.609,2019.2,4.990854713530081,Very Cheap
Japan                           ,JPN,2020,126261000.0,39918.2,21473.8,5.808,2090.9,5.237961631536493,Very Cheap
Jordan                          ,JOR,2017,9785840.0,4231.5,3482.7,3.412,1228.3,29.027531608176773,Medium
Jordan                          ,JOR,2018,9965322.0,4308.2,3604.5,3.454,1243.4,28.861241353697604,Medium
Jordan                          ,JOR,2019,10101697.0,4405.5,3529.1,3.5,1260.0,28.600612870275793,Medium
Jordan                          ,JOR,2020,10203140.0,4282.8,3602.9,3.614,1301.0,30.37732324647427,Expensive
Kazakhstan                      ,KAZ,2017,18037776.0,9247.6,4863.1,2.391,860.8,9.308361088282364,Very Cheap
Kazakhstan                      ,KAZ,2018,18276452.0,9812.6,5112.2,2.426,873.4,8.900801010945111,Very Cheap
Kazakhstan                      ,KAZ,2019,18513673.0,9812.6,5129.9,2.537,913.3,9.307421070868067,Very Cheap
Kazakhstan                      ,KAZ,2020,18755666.0,9121.6,4829.6,2.657,956.5,10.486098930012277,Cheap
Kenya                           ,KEN,2017,50221146.0,1633.5,1272.7,2.846,1024.6,62.7242118151209,Very Expensive
Kenya                           ,KEN,2018,51392570.0,1794.1,1383.3,2.823,1016.3,56.646786689705145,Very Expensive
Kenya                           ,KEN,2019,52573967.0,1909.3,1478.2,2.907,1046.5,54.81066359398733,Very Expensive
Kenya                           ,KEN,2020,53771300.0,1872.1,1415.9,2.968,1068.5,57.07494257785375,Very Expensive
Kuwait                          ,KWT,2017,4056102.0,29759.5,12884.5,3.344,1203.8,4.045094843663368,Very Cheap
Kuwait                          ,KWT,2018,4137314.0,33399.1,13280.3,3.407,1226.5,3.672254641592139,Very Cheap
Kuwait                          ,KWT,2019,4207077.0,32373.3,13388.3,3.468,1248.5,3.8565731636873593,Very Cheap
Kuwait                          ,KWT,2020,4270563.0,24811.8,3972.85,3.606,1298.2,5.232187910590929,Very Cheap
Latvia                          ,LVA,2017,1942248.0,15695.1,9468.7,3.124,1124.6,7.165293626673293,Very Cheap
Latvia                          ,LVA,2018,1927174.0,17865.0,10584.3,3.13,1126.8,6.307304785894206,Very Cheap
Latvia                          ,LVA,2019,1913822.0,17926.8,10424.4,3.132,1127.5,6.289466050828926,Very Cheap
Latvia                          ,LVA,2020,1900449.0,17704.0,9997.6,3.24,1166.4,6.588341617713511,Very Cheap
Lesotho                         ,LSO,2017,2091532.0,1102.6,987.1,3.77,1357.2,123.09087611101035,Very Expensive
Lesotho                         ,LSO,2018,2108327.0,1192.5,975.2,3.878,1396.1,117.0733752620545,Very Expensive
Lesotho                         ,LSO,2019,2125267.0,1153.4,951.4,4.01,1443.6,125.16039535286976,Very Expensive
Lesotho                         ,LSO,2020,2142252.0,1050.6,880.3,4.266,1535.8,146.1831334475538,Very Expensive
Liberia                         ,LBR,2017,4702224.0,721.1,3972.85,4.018,1446.5,200.59631119123563,Very Expensive
Liberia                         ,LBR,2018,4818976.0,710.3,3972.85,4.031607121,1451.4,204.3361959735323,Very Expensive
Liberia                         ,LBR,2019,4937374.0,672.3,3972.85,3.847,1384.9,205.99434776141607,Very Expensive
Liberia                         ,LBR,2020,5057677.0,601.1,3972.85,3.903,1405.1,233.75478289802027,Very Expensive
Lithuania                       ,LTU,2017,2828403.0,16885.4,10503.3,3.003,1081.1,6.4025726367157425,Very Cheap
Lithuania                       ,LTU,2018,2801543.0,19186.2,11791.1,3.042,1095.1,5.7077482774077195,Very Cheap
Lithuania                       ,LTU,2019,2794137.0,19575.8,11797.9,3.039,1094.0,5.588532780269516,Very Cheap
Lithuania                       ,LTU,2020,2794885.0,20232.3,11882.0,3.099,1115.6,5.513955407936813,Very Cheap
Luxembourg                      ,LUX,2017,596336.0,110193.2,36573.0,2.492,897.1,0.8141155715597697,Very Cheap
Luxembourg                      ,LUX,2018,607950.0,117254.7,39227.2,2.627,945.7,0.8065348339981255,Very Cheap
Luxembourg                      ,LUX,2019,620001.0,113218.7,37979.1,2.6,936.0,0.8267185544437448,Very Cheap
Luxembourg                      ,LUX,2020,630419.0,116356.2,35703.3,2.661,958.0,0.8233338661798855,Very Cheap
Madagascar                      ,MDG,2017,25570511.0,515.3,369.0,2.987,1075.3,208.67455850960604,Very Expensive
Madagascar                      ,MDG,2018,26262313.0,518.4,370.4,3.122,1123.9,216.80169753086426,Very Expensive
Madagascar                      ,MDG,2019,26969306.0,526.2,363.0,3.154,1135.4,215.77347016343595,Very Expensive
Madagascar                      ,MDG,2020,27691019.0,477.6,341.8,3.181,1145.2,239.7822445561139,Very Expensive
Malawi                          ,MWI,2017,17670193.0,506.1,3972.85,2.724,980.6,193.75617466903773,Very Expensive
Malawi                          ,MWI,2018,18143215.0,544.6,3972.85,2.787,1003.3,184.22695556371647,Very Expensive
Malawi                          ,MWI,2019,18628749.0,591.8,3972.85,2.989,1076.0,181.81818181818184,Very Expensive
Malawi                          ,MWI,2020,19129955.0,636.3,3972.85,3.149,1133.6,178.15495835297816,Very Expensive
Malaysia                        ,MYS,2017,31104655.0,10259.3,5682.8,3.224,1160.6,11.312662657296306,Cheap
Malaysia                        ,MYS,2018,31528033.0,11380.1,6535.1,3.319,1194.8,10.499029006774983,Cheap
Malaysia                        ,MYS,2019,31949789.0,11432.8,6831.5,3.412,1228.3,10.743649849555664,Cheap
Malaysia                        ,MYS,2020,32365998.0,10412.3,6334.1,3.538,1273.7,12.232647926010586,Cheap
Maldives                        ,MDV,2017,496398.0,9577.3,4505.7,3.581,1289.2,13.46099631420129,Cheap
Maldives                        ,MDV,2018,515704.0,10279.1,4835.7,3.634,1308.2,12.726795147435086,Cheap
Maldives                        ,MDV,2019,530957.0,10561.6,4935.4,3.662,1318.3,12.482010301469474,Cheap
Maldives                        ,MDV,2020,540542.0,6924.1,3515.5,3.861,1390.0,20.07481116679424,Medium
Mali                            ,MLI,2017,18512429.0,830.0,629.7,2.9,1044.0,125.78313253012048,Very Expensive
Mali                            ,MLI,2018,19077755.0,894.8,669.0,3.035,1092.6,122.10549843540454,Very Expensive
Mali                            ,MLI,2019,19658023.0,879.0,650.3,2.96,1065.6,121.22866894197952,Very Expensive
Mali                            ,MLI,2020,20250834.0,862.5,633.1,3.053,1099.1,127.43188405797102,Very Expensive
Malta                           ,MLT,2017,467999.0,28857.0,13133.7,3.494,1257.8,4.358734449180441,Very Cheap
Malta                           ,MLT,2018,484630.0,31573.1,14551.7,3.629,1306.4,4.137699497356928,Very Cheap
Malta                           ,MLT,2019,504062.0,31185.6,14138.8,3.698,1331.3,4.268957467549125,Very Cheap
Malta                           ,MLT,2020,515332.0,28946.5,12816.6,3.769,1356.8,4.687267890763995,Very Cheap
Mauritania                      ,MRT,2017,4282582.0,1587.9,929.3,3.451,1242.4,78.24170287801499,Very Expensive
Mauritania                      ,MRT,2018,4403312.0,1669.8,959.7,3.574,1286.6,77.05114384956282,Very Expensive
Mauritania                      ,MRT,2019,4525698.0,1743.3,960.9,3.6541,1315.5,75.4603338495956,Very Expensive
Mauritania                      ,MRT,2020,4649660.0,1702.5,969.3,3.692,1329.1,78.06754772393538,Very Expensive
Mauritius                       ,MUS,2017,1264613.0,10484.9,7846.4,3.313,1192.7,11.375406537019906,Cheap
Mauritius                       ,MUS,2018,1265303.0,11208.3,8489.1,3.396,1222.6,10.907987830447079,Cheap
Mauritius                       ,MUS,2019,1265711.0,11097.2,8419.9,3.439,1238.0,11.15596727102332,Cheap
Mauritius                       ,MUS,2020,1265740.0,8632.8,6327.1,3.604,1297.4,15.028727643406544,Cheap
Mexico                          ,MEX,2017,124777326.0,9287.8,6057.5,2.993,1077.5,11.601240336785892,Cheap
Mexico                          ,MEX,2018,126190782.0,9687.0,6274.9,3.071,1105.6,11.413234231444203,Cheap
Mexico                          ,MEX,2019,127575529.0,9950.2,6456.1,3.075,1107.0,11.12540451448212,Cheap
Mexico                          ,MEX,2020,128932753.0,8431.7,5321.0,3.293,1185.5,14.060035342813428,Cheap
Moldova                         ,MDA,2017,2755158.0,3509.7,3005.3,2.46,885.6,25.232925891101804,Medium
Moldova                         ,MDA,2018,2708214.0,4230.6,3586.9,2.571,925.6,21.878693329551364,Medium
Moldova                         ,MDA,2019,2664974.0,4492.1,3783.7,2.687,967.3,21.533358562810264,Medium
Moldova                         ,MDA,2020,2620495.0,4525.8,3694.3,2.814,1013.0,22.382783154359448,Medium
Mongolia                        ,MNG,2017,3113788.0,3687.1,2074.5,4.544,1635.8,44.36549049388408,Expensive
Mongolia                        ,MNG,2018,3170214.0,4156.8,2409.1,4.667,1680.1,40.41811008468052,Expensive
Mongolia                        ,MNG,2019,3225166.0,4404.8,2522.3,4.901,1764.4,40.056302215764624,Expensive
Mongolia                        ,MNG,2020,3278292.0,4061.0,2455.7,5.103,1837.1,45.23762620044324,Expensive
Montenegro                      ,MNE,2017,622373.0,7803.4,5836.6,3.397,1222.9,15.671374016454367,Cheap
Montenegro                      ,MNE,2018,622227.0,8850.4,6499.7,3.414,1229.0,13.8863780168128,Cheap
Montenegro                      ,MNE,2019,622028.0,8909.9,6359.5,3.509,1263.2,14.177487962827866,Cheap
Montenegro                      ,MNE,2020,621306.0,7694.6,6249.9,3.494,1257.8,16.346528734437136,Cheap
Morocco                         ,MAR,2017,35581257.0,3035.5,1785.0,2.71,975.6,32.139680448031626,Expensive
Morocco                         ,MAR,2018,36029089.0,3227.0,1901.3,2.752,990.7,30.70034087387667,Expensive
Morocco                         ,MAR,2019,36471766.0,3235.0,1883.5,2.759,993.2,30.701700154559507,Expensive
Morocco                         ,MAR,2020,36910558.0,3058.7,1812.2,2.797,1006.9,32.91921404518259,Expensive
Mozambique                      ,MOZ,2017,28649007.0,461.4,298.7,3.031,1091.2,236.4976159514521,Very Expensive
Mozambique                      ,MOZ,2018,29496009.0,503.3,330.1,2.988,1075.7,213.7293860520564,Very Expensive
Mozambique                      ,MOZ,2019,30366043.0,506.8,327.7,3.057,1100.5,217.14680347277033,Very Expensive
Mozambique                      ,MOZ,2020,31255435.0,448.8,290.9,3.228,1162.1,258.93493761140815,Very Expensive
Myanmar                         ,MMR,2017,53382521.0,1151.1,642.1,3.706,1334.2,115.90652419424899,Very Expensive
Myanmar                         ,MMR,2018,53708318.0,1250.2,697.8,3.786,1363.0,109.02255639097744,Very Expensive
Myanmar                         ,MMR,2019,54045422.0,1271.1,662.3,3.861,1390.0,109.35410274565338,Very Expensive
Myanmar                         ,MMR,2020,54409794.0,1450.7,742.3,4.186,1507.0,103.88088508995656,Very Expensive
Namibia                         ,NAM,2017,2402623.0,5367.1,3789.6,3.255,1171.8,21.833019694061967,Medium
Namibia                         ,NAM,2018,2448300.0,5588.4,3893.1,3.3,1188.0,21.25832080738673,Medium
Namibia                         ,NAM,2019,2494524.0,5028.3,3542.1,3.378,1216.1,24.18511226458246,Medium
Namibia                         ,NAM,2020,2540916.0,4157.0,2867.0,3.52,1267.2,30.483521770507576,Expensive
Nepal                           ,NPL,2017,27632682.0,1048.5,823.0,4.127,1485.7,141.6976633285646,Very Expensive
Nepal                           ,NPL,2018,28095712.0,1178.5,909.2,4.145,1492.2,126.61858294442088,Very Expensive
Nepal                           ,NPL,2019,28608715.0,1195.0,915.1,4.222,1519.9,127.18828451882847,Very Expensive
Nepal                           ,NPL,2020,29136808.0,1147.5,977.8,4.362,1570.3,136.84531590413943,Very Expensive
Netherlands                     ,NLD,2017,17131296.0,48675.2,21580.4,2.743,987.5,2.028753862336467,Very Cheap
Netherlands                     ,NLD,2018,17231624.0,53044.5,23408.5,2.821,1015.6,1.9146188577515106,Very Cheap
Netherlands                     ,NLD,2019,17344874.0,52476.3,22818.7,2.844,1023.8,1.950975964387733,Very Cheap
Netherlands                     ,NLD,2020,17441500.0,52396.0,21953.0,2.991,1076.8,2.0551187113520117,Very Cheap
New Zealand                     ,NZL,2017,4813600.0,42925.0,24656.4,2.671,961.6,2.2401863715783343,Very Cheap
New Zealand                     ,NZL,2018,4900600.0,43250.4,25014.1,2.589,932.0,2.1548933651480677,Very Cheap
New Zealand                     ,NZL,2019,4979200.0,42865.2,24482.8,2.692,969.1,2.260808301372675,Very Cheap
New Zealand                     ,NZL,2020,5090200.0,41596.5,23973.6,2.723,980.3,2.356688663709687,Very Cheap
Nicaragua                       ,NIC,2017,6384843.0,2159.2,1498.0,3.191,1148.8,53.204890700259355,Very Expensive
Nicaragua                       ,NIC,2018,6465502.0,2014.6,1421.4,3.245,1168.2,57.98669711108906,Very Expensive
Nicaragua                       ,NIC,2019,6545503.0,1924.5,1386.0,3.279,1180.4,61.3354117952715,Very Expensive
Nicaragua                       ,NIC,2020,6624554.0,1900.0,1345.0,3.335,1200.6,63.18947368421052,Very Expensive
Niger                           ,NER,2017,21602388.0,517.8,370.2,2.85,1026.0,198.14600231749714,Very Expensive
Niger                           ,NER,2018,22442831.0,570.7,401.1,2.812,1012.3,177.37865778868053,Very Expensive
Niger                           ,NER,2019,23310719.0,554.1,380.3,2.792,1005.1,181.39325031582746,Very Expensive
Niger                           ,NER,2020,24206636.0,567.7,390.4,2.859,1029.2,181.29293641007573,Very Expensive
Nigeria                         ,NGA,2017,190873247.0,1968.6,1577.3,3.565,1283.4,65.19353855531851,Very Expensive
Nigeria                         ,NGA,2018,195874685.0,2027.8,1553.2,3.724,1340.6,66.11105631719104,Very Expensive
Nigeria                         ,NGA,2019,200963603.0,2229.9,1663.3,3.87,1393.2,62.478138033095654,Very Expensive
Nigeria                         ,NGA,2020,206139587.0,2097.1,1340.3,4.093,1473.5,70.26369748700587,Very Expensive
North Macedonia                 ,MKD,2017,2074502.0,5450.5,3632.9,3.318,1194.5,21.915420603614347,Medium
North Macedonia                 ,MKD,2018,2076217.0,6108.7,4022.8,3.31,1191.6,19.506605333376985,Cheap
North Macedonia                 ,MKD,2019,2076694.0,6070.4,3976.3,3.336,1201.0,19.784528202424884,Cheap
North Macedonia                 ,MKD,2020,2072531.0,5846.5,3934.2,3.427,1233.7,21.101513726160952,Medium
Norway                          ,NOR,2017,5276968.0,75496.8,33715.5,3.325,1197.0,1.5854976634771274,Very Cheap
Norway                          ,NOR,2018,5311916.0,82267.8,35345.1,3.432,1235.5,1.50180264939624,Very Cheap
Norway                          ,NOR,2019,5347896.0,75719.8,33553.6,3.356,1208.2,1.5956196397771787,Very Cheap
Norway                          ,NOR,2020,5379475.0,67329.7,29614.4,3.471,1249.6,1.8559417315092746,Very Cheap
Oman                            ,OMN,2017,4665926.0,17329.2,6784.5,2.815,1013.4,5.847932968630981,Very Cheap
Oman                            ,OMN,2018,4829476.0,18947.4,6594.3,2.838,1021.7,5.392296568394609,Very Cheap
Oman                            ,OMN,2019,4974992.0,17700.7,6641.1,2.921,1051.6,5.941007982735146,Very Cheap
Oman                            ,OMN,2020,5106622.0,14485.4,6381.0,3.021,1087.6,7.508249685890621,Very Cheap
Pakistan                        ,PAK,2017,207906210.0,1631.5,1336.9,3.408,1226.9,75.20073551946062,Very Expensive
Pakistan                        ,PAK,2018,212228288.0,1678.0,1382.7,3.395,1222.2,72.83671036948749,Very Expensive
Pakistan                        ,PAK,2019,216565317.0,1481.8,1242.9,3.46,1245.6,84.05992711567013,Very Expensive
Pakistan                        ,PAK,2020,220892331.0,1359.5,1105.9,3.685,1326.6,97.57999264435455,Very Expensive
Panama                          ,PAN,2017,4106764.0,15146.4,7674.7,4.225,1521.0,10.041990175883377,Cheap
Panama                          ,PAN,2018,4176868.0,15545.0,7987.4,4.268,1536.5,9.884207140559665,Very Cheap
Panama                          ,PAN,2019,4246440.0,15774.3,8259.1,4.382,1577.5,10.000443759786489,Cheap
Panama                          ,PAN,2020,4314768.0,12509.8,6744.9,4.476,1611.4,12.881101216646151,Cheap
Paraguay                        ,PRY,2017,6867058.0,5678.9,3571.6,3.43,1234.8,21.743647537375196,Medium
Paraguay                        ,PRY,2018,6956069.0,5782.8,3720.4,3.511,1264.0,21.85792349726776,Medium
Paraguay                        ,PRY,2019,7044639.0,5383.6,3517.2,3.519,1266.8,23.530722936325134,Medium
Paraguay                        ,PRY,2020,7132530.0,4967.7,3139.5,3.543,1275.5,25.675866094973532,Medium
Peru                            ,PER,2017,31444299.0,6710.5,4304.8,3.084,1110.2,16.544221742046048,Cheap
Peru                            ,PER,2018,31989265.0,6958.5,4443.6,3.061,1102.0,15.836746425235324,Cheap
Peru                            ,PER,2019,32510462.0,7023.1,4550.1,3.248,1169.3,16.649342882772565,Cheap
Peru                            ,PER,2020,32971846.0,6117.5,3923.3,3.285,1182.6,19.331426236207598,Cheap
Philippines                     ,PHL,2017,105172921.0,3123.2,2254.4,3.843,1383.5,44.297515368852466,Expensive
Philippines                     ,PHL,2018,106651394.0,3252.1,2359.2,3.998,1439.3,44.25755665569939,Expensive
Philippines                     ,PHL,2019,108116622.0,3485.3,2551.5,4.054,1459.4,41.87300949703038,Expensive
Philippines                     ,PHL,2020,109581085.0,3301.2,2478.2,4.108,1478.9,44.79886102023507,Expensive
Poland                          ,POL,2017,37974826.0,13864.7,8129.8,2.909,1047.2,7.552994294863935,Very Cheap
Poland                          ,POL,2018,37974750.0,15468.5,9039.4,2.986,1075.0,6.949607266380063,Very Cheap
Poland                          ,POL,2019,37965475.0,15732.2,9046.2,3.038,1093.7,6.9519838293436385,Very Cheap
Poland                          ,POL,2020,37899070.0,15742.5,8935.4,3.17,1141.2,7.249166269652216,Very Cheap
Portugal                        ,PRT,2017,10300300.0,21490.4,13878.3,2.513,904.7,4.2097866954547145,Very Cheap
Portugal                        ,PRT,2018,10283822.0,23562.6,15143.6,2.596,934.6,3.9664553147785053,Very Cheap
Portugal                        ,PRT,2019,10286263.0,23330.8,14945.3,2.579,928.4,3.979289179968111,Very Cheap
Portugal                        ,PRT,2020,10297081.0,22194.6,14251.9,2.656,956.2,4.308255161165329,Very Cheap
Qatar                           ,QAT,2017,2724727.0,59124.9,15072.7,2.375,855.0,1.4460912407462845,Very Cheap
Qatar                           ,QAT,2018,2781682.0,65907.9,15168.5,2.426,873.4,1.325182565367733,Very Cheap
Qatar                           ,QAT,2019,2832071.0,62088.0,15227.2,2.484,894.2,1.4402138899626338,Very Cheap
Qatar                           ,QAT,2020,2881060.0,50124.4,13307.2,2.577,927.7,1.8507952214889354,Very Cheap
Romania                         ,ROU,2017,19588715.0,10807.0,6844.5,2.921,1051.6,9.730730082354029,Very Cheap
Romania                         ,ROU,2018,19473970.0,12399.0,7911.7,2.957,1064.5,8.585369787886119,Very Cheap
Romania                         ,ROU,2019,19371648.0,12899.3,8102.9,3.01,1083.6,8.40045583868892,Very Cheap
Romania                         ,ROU,2020,19257520.0,12956.6,7915.2,3.191,1148.8,8.866523625025083,Very Cheap
Rwanda                          ,RWA,2017,11980960.0,772.3,569.8,2.609,939.2,121.61077301566749,Very Expensive
Rwanda                          ,RWA,2018,12301969.0,783.8,606.9,2.483,893.9,114.04695075274304,Very Expensive
Rwanda                          ,RWA,2019,12626938.0,820.2,615.4,2.537,913.3,111.35089002682273,Very Expensive
Rwanda                          ,RWA,2020,12952209.0,786.3,589.8,2.698,971.3,123.52791555385984,Very Expensive
Sao Tome and Principe           ,STP,2017,207086.0,1813.8,3972.85,3.288,1183.7,65.26077847612747,Very Expensive
Sao Tome and Principe           ,STP,2018,211032.0,1953.5,3972.85,3.394,1221.8,62.5441515229076,Very Expensive
Sao Tome and Principe           ,STP,2019,215048.0,1987.6,3972.85,3.463,1246.7,62.723888106258805,Very Expensive
Sao Tome and Principe           ,STP,2020,219161.0,2157.8,3972.85,3.551,1278.4,59.2455278524423,Very Expensive
Saudi Arabia                    ,SAU,2017,33101183.0,20802.5,8568.8,3.441,1238.8,5.95505347914914,Very Cheap
Saudi Arabia                    ,SAU,2018,33702757.0,24228.8,8887.7,3.663,1318.7,5.442696295317969,Very Cheap
Saudi Arabia                    ,SAU,2019,34268529.0,23450.6,9052.1,3.888,1399.7,5.968717218322773,Very Cheap
Saudi Arabia                    ,SAU,2020,34813867.0,20203.7,8733.7,4.148,1493.3,7.3912204200220755,Very Cheap
Senegal                         ,SEN,2017,15419354.0,1361.7,958.6,2.19,788.4,57.89821546596167,Very Expensive
Senegal                         ,SEN,2018,15854324.0,1458.1,1012.8,2.25,810.0,55.55174542212469,Very Expensive
Senegal                         ,SEN,2019,16296362.0,1435.8,980.8,2.278,820.1,57.11798300598969,Very Expensive
Senegal                         ,SEN,2020,16743930.0,1462.8,1006.7,2.33,838.8,57.34208367514356,Very Expensive
Serbia                          ,SRB,2017,7020858.0,6292.5,4459.5,4.07,1465.2,23.284862932061976,Medium
Serbia                          ,SRB,2018,6982604.0,7252.4,5035.4,4.149,1493.6,20.59456180023165,Medium
Serbia                          ,SRB,2019,6945235.0,7417.2,5060.4,4.174,1502.6,20.25831850293911,Medium
Serbia                          ,SRB,2020,6899126.0,7730.7,5148.6,4.246,1528.6,19.773112396031404,Cheap
Seychelles                      ,SYC,2017,95843.0,16416.7,9411.1,4.01,1443.6,8.79348468327983,Very Cheap
Seychelles                      ,SYC,2018,96762.0,16910.7,9960.9,3.965,1427.4,8.440809664886729,Very Cheap
Seychelles                      ,SYC,2019,97625.0,17252.0,9825.8,3.923,1412.3,8.186297240899606,Very Cheap
Seychelles                      ,SYC,2020,98462.0,12193.9,8269.6,3.801,1368.4,11.222004444845375,Cheap
Sierra Leone                    ,SLE,2017,7488427.0,496.7,462.1,2.842,1023.1,205.97946446547212,Very Expensive
Sierra Leone                    ,SLE,2018,7650149.0,534.0,521.7,2.952,1062.7,199.00749063670412,Very Expensive
Sierra Leone                    ,SLE,2019,7813207.0,521.8,514.4,2.847,1024.9,196.41625143733233,Very Expensive
Sierra Leone                    ,SLE,2020,7976985.0,509.4,515.4,2.893,1041.5,204.45622300745976,Very Expensive
Singapore                       ,SGP,2017,5612253.0,61150.7,21532.2,2.775,999.0,1.6336689522769159,Very Cheap
Singapore                       ,SGP,2018,5638676.0,66859.3,23022.8,2.867,1032.1,1.5436895091632725,Very Cheap
Singapore                       ,SGP,2019,5703569.0,65831.2,23392.2,2.936,1057.0,1.6056216505243717,Very Cheap
Singapore                       ,SGP,2020,5685807.0,60729.5,19809.0,3.064,1103.0,1.8162507512823258,Very Cheap
Sint Maarten (Dutch part)       ,SXM,2017,40574.0,29369.1,3972.85,4.462,1606.3,5.469353844687103,Very Cheap
Sint Maarten (Dutch part)       ,SXM,2018,40895.0,28988.3,3972.85,4.73,1702.8,5.8740940310401095,Very Cheap
Sint Maarten (Dutch part)       ,SXM,2019,41608.0,6826.299999999999,3972.85,4.77,1717.2,25.155648008437957,Medium
Sint Maarten (Dutch part)       ,SXM,2020,42310.0,6826.299999999999,3972.85,5.36,1929.6,28.267143254764658,Medium
Slovenia                        ,SVN,2017,2066388.0,23514.0,12354.4,2.798,1007.3,4.283830909245555,Very Cheap
Slovenia                        ,SVN,2018,2073894.0,26116.9,13592.3,2.902,1044.7,4.0000918945204065,Very Cheap
Slovenia                        ,SVN,2019,2088385.0,25943.0,13589.0,2.916,1049.8,4.046563620244382,Very Cheap
Slovenia                        ,SVN,2020,2102419.0,25489.5,12800.9,3.07,1105.2,4.335903018890131,Very Cheap
South Africa                    ,ZAF,2017,57009751.0,6690.9,4215.9,4.102,1476.7,22.070274552003468,Medium
South Africa                    ,ZAF,2018,57792520.0,7005.1,4456.5,4.146,1492.6,21.307333228647696,Medium
South Africa                    ,ZAF,2019,58558267.0,6624.8,4227.5,4.198,1511.3,22.812764158918004,Medium
South Africa                    ,ZAF,2020,59308690.0,5655.9,3521.0,4.298,1547.3,27.35727293622589,Medium
Spain                           ,ESP,2017,46593236.0,28170.2,16441.0,2.699,971.6,3.4490347956351037,Very Cheap
Spain                           ,ESP,2018,46797754.0,30364.6,17651.4,2.741,986.8,3.2498369812215535,Very Cheap
Spain                           ,ESP,2019,47134837.0,29554.5,16949.2,2.744,987.8,3.3422998189784976,Very Cheap
Spain                           ,ESP,2020,47363419.0,27056.4,15145.0,2.838,1021.7,3.7761860410106296,Very Cheap
Sri Lanka                       ,LKA,2017,21444000.0,4077.0,2735.5,3.702,1332.7,32.68825116507236,Expensive
Sri Lanka                       ,LKA,2018,21670000.0,4059.2,2776.8,3.705,1333.8,32.858691367757196,Expensive
Sri Lanka                       ,LKA,2019,21803000.0,3848.2,2709.2,3.667,1320.1,34.30435008575438,Expensive
Sri Lanka                       ,LKA,2020,21919000.0,3694.0,2620.9,3.923,1412.3,38.23226854358419,Expensive
Sudan                           ,SDN,2017,40813398.0,3178.3,1354.2,3.674,1322.6,41.613441147783405,Expensive
Sudan                           ,SDN,2018,41801532.0,773.5,312.0,3.921,1411.6,182.49515190691662,Very Expensive
Sudan                           ,SDN,2019,42813237.0,755.3,293.7,4.306,1550.2,205.24294982126307,Very Expensive
Sudan                           ,SDN,2020,43849269.0,615.5,245.6,4.308,1550.9,251.97400487408612,Very Expensive
Suriname                        ,SUR,2017,570501.0,6295.6,3972.85,4.969,1788.8,28.41349513946248,Medium
Suriname                        ,SUR,2018,575987.0,6938.1,3972.85,5.223,1880.3,27.10107954627347,Medium
Suriname                        ,SUR,2019,581363.0,6853.7,3972.85,5.336,1921.0,28.02865605439398,Medium
Suriname                        ,SUR,2020,586634.0,4916.6,3972.85,5.739,2066.0,42.02090875808485,Expensive
Sweden                          ,SWE,2017,10057698.0,53791.5,24592.5,3.086,1111.0,2.0653820770939646,Very Cheap
Sweden                          ,SWE,2018,10175214.0,54589.1,24945.7,3.164,1139.0,2.0864971212201704,Very Cheap
Sweden                          ,SWE,2019,10278887.0,51939.4,23340.7,3.154,1135.4,2.186009079812243,Very Cheap
Sweden                          ,SWE,2020,10353442.0,52300.2,22939.8,3.339,1202.0,2.2982703699029834,Very Cheap
Switzerland                     ,CHE,2017,8451840.0,83352.1,43890.0,2.523,908.3,1.0897145962729191,Very Cheap
Switzerland                     ,CHE,2018,8514329.0,86388.4,44706.3,2.591,932.8,1.0797745993675076,Very Cheap
Switzerland                     ,CHE,2019,8575280.0,85334.5,44113.0,2.563,922.7,1.0812742794532106,Very Cheap
Switzerland                     ,CHE,2020,8636561.0,87100.4,44401.0,2.659,957.2,1.098961658040606,Very Cheap
Tajikistan                      ,TJK,2017,8880270.0,848.7,682.7,3.027,1089.7,128.39637092023094,Very Expensive
Tajikistan                      ,TJK,2018,9100847.0,853.2,652.0,3.119,1122.8,131.59868729488983,Very Expensive
Tajikistan                      ,TJK,2019,9321023.0,890.5,679.0,3.433,1235.9,138.7871982032566,Very Expensive
Tajikistan                      ,TJK,2020,9537642.0,852.8,661.8,3.48,1252.8,146.90431519699814,Very Expensive
Tanzania                        ,TZA,2017,54660345.0,1004.9,579.9,2.598,935.3,93.0739377052443,Very Expensive
Tanzania                        ,TZA,2018,56313444.0,1042.8,606.1,2.648,953.3,91.41733793632528,Very Expensive
Tanzania                        ,TZA,2019,58005461.0,1085.9,617.1,2.681,965.2,88.88479602173312,Very Expensive
Tanzania                        ,TZA,2020,59734213.0,1076.5,603.5,2.736,985.0,91.50023223409195,Very Expensive
Thailand                        ,THA,2017,69209817.0,6593.8,3226.4,3.971,1429.6,21.68097303527556,Medium
Thailand                        ,THA,2018,69428454.0,7298.9,3568.3,4.042,1455.1,19.93588074915398,Cheap
Thailand                        ,THA,2019,69625581.0,7814.4,3888.8,4.181,1505.2,19.261875511875516,Cheap
Thailand                        ,THA,2020,69799978.0,7158.8,3800.6,4.321,1555.6,21.729898865731684,Medium
Trinidad and Tobago             ,TTO,2017,1384060.0,16747.9,3972.85,3.928,1414.1,8.443446641071418,Very Cheap
Trinidad and Tobago             ,TTO,2018,1389841.0,17139.2,3972.85,4.028,1450.1,8.460721620612397,Very Cheap
Trinidad and Tobago             ,TTO,2019,1394969.0,17123.1,3972.85,4.083,1469.9,8.584310084038522,Very Cheap
Trinidad and Tobago             ,TTO,2020,1399491.0,15285.9,3972.85,4.224,1520.6,9.947729607023465,Very Cheap
Tunisia                         ,TUN,2017,11433438.0,3687.8,2657.3,3.476,1251.4,33.9335104940615,Expensive
Tunisia                         ,TUN,2018,11565203.0,3690.9,2640.8,3.559,1281.2,34.712400769460025,Expensive
Tunisia                         ,TUN,2019,11694721.0,3571.9,2570.3,3.628,1306.1,36.565973291525516,Expensive
Tunisia                         ,TUN,2020,11818618.0,3597.2,2660.3,3.639,1310.0,36.41721338819082,Expensive
Turks and Caicos Islands        ,TCA,2017,37116.0,27545.1,3972.85,2.809,1011.2,3.6710703537108236,Very Cheap
Turks and Caicos Islands        ,TCA,2018,37667.0,29553.1,3972.85,2.897,1042.9,3.5289022133041885,Very Cheap
Turks and Caicos Islands        ,TCA,2019,38194.0,31350.9,3972.85,2.973,1070.3,3.413937079956237,Very Cheap
Turks and Caicos Islands        ,TCA,2020,38718.0,23879.9,3972.85,3.095,1114.2,4.665848684458478,Very Cheap
Uganda                          ,UGA,2017,41166588.0,746.8,529.4,2.749,989.6,132.5120514193894,Very Expensive
Uganda                          ,UGA,2018,42729032.0,770.6,557.2,2.712,976.3,126.69348559563976,Very Expensive
Uganda                          ,UGA,2019,44269587.0,798.6,568.4,2.678,964.1,120.72376659153518,Very Expensive
Uganda                          ,UGA,2020,45741000.0,822.0,585.7,2.658,956.9,116.4111922141119,Very Expensive
United Arab Emirates            ,ARE,2017,9487206.0,40644.8,15163.3,2.755,991.8,2.44016454749439,Very Cheap
United Arab Emirates            ,ARE,2018,9630966.0,43839.3,16791.3,2.835,1020.6,2.3280481212063147,Very Cheap
United Arab Emirates            ,ARE,2019,9770526.0,42701.4,16766.7,2.902,1044.7,2.4465240015549843,Very Cheap
United Arab Emirates            ,ARE,2020,9890400.0,36284.6,14194.1,3.111,1120.0,3.0867089619287524,Very Cheap
United Kingdom                  ,GBR,2017,66058859.0,40857.8,26355.2,1.822,655.9,1.6053238304558737,Very Cheap
United Kingdom                  ,GBR,2018,66460344.0,43647.0,28349.7,1.873,674.3,1.5448942653561526,Very Cheap
United Kingdom                  ,GBR,2019,66836327.0,43070.5,27673.9,1.881,677.2,1.5723058706074926,Very Cheap
United Kingdom                  ,GBR,2020,67081000.0,41098.1,25029.9,1.912,688.3,1.6747732863563034,Very Cheap
United States                   ,USA,2017,325122128.0,59914.8,40720.4,3.225,1161.0,1.9377516072823409,Very Cheap
United States                   ,USA,2018,326838199.0,62805.3,42570.1,3.24,1166.4,1.8571681052395261,Very Cheap
United States                   ,USA,2019,328329953.0,65094.8,43945.7,3.268,1176.5,1.8073640290775912,Very Cheap
United States                   ,USA,2020,331501080.0,63027.7,42375.6,3.383,1217.9,1.932324993613919,Very Cheap
Uruguay                         ,URY,2017,3436645.0,18690.9,3972.85,3.073,1106.3,5.918923112316688,Very Cheap
Uruguay                         ,URY,2018,3449290.0,18703.9,3972.85,3.17,1141.2,6.101401312025834,Very Cheap
Uruguay                         ,URY,2019,3461731.0,17688.0,3972.85,3.254,1171.4,6.622568973315242,Very Cheap
Uruguay                         ,URY,2020,3473727.0,15418.8,3972.85,3.414,1229.0,7.970788907048538,Very Cheap
Vietnam                         ,VNM,2017,94600643.0,2974.1,3972.85,3.586,1291.0,43.40808984230524,Expensive
Vietnam                         ,VNM,2018,95545959.0,3230.9,3972.85,3.663,1318.7,40.8152527159615,Expensive
Vietnam                         ,VNM,2019,96462108.0,3425.1,3972.85,3.776,1359.4,39.68935213570407,Expensive
Vietnam                         ,VNM,2020,97338583.0,3526.3,3972.85,4.072,1465.9,41.570484643961095,Expensive
World                           ,OWID_WRL,2017,7519371102.0,10825.9,6122.3,3.314,1193.0,11.01986901781838,Cheap
World                           ,OWID_WRL,2018,7602716232.0,11366.1,6377.8,3.35,1206.0,10.61049964367725,Cheap
World                           ,OWID_WRL,2019,7683806444.0,11407.5,6418.8,3.425,1233.0,10.808678500986193,Cheap
World                           ,OWID_WRL,2020,7763932702.0,10936.1,6048.2,3.537,1273.3,11.643090315560391,Cheap
Zambia                          ,ZMB,2017,16853608.0,1535.2,721.3,3.085,1110.6,72.34236581552891,Very Expensive
Zambia                          ,ZMB,2018,17351714.0,1516.4,681.9,3.15,1134.0,74.78237931944078,Very Expensive
Zambia                          ,ZMB,2019,17861034.0,1305.0,551.3,3.245,1168.2,89.51724137931035,Very Expensive
Zambia                          ,ZMB,2020,18383956.0,985.1,379.1,3.3,1188.0,120.59689371637397,Very Expensive
Zimbabwe                        ,ZWE,2017,14236599.0,1235.2,980.3,3.456,1244.2,100.72862694300517,Very Expensive
